{"cameraMode":{"drawMode":0,"name":"Shaded","section":"Shading Mode"},"sceneLighting":true,"audioPlay":false,"sceneViewState":{"showFog":true,"showMaterialUpdate":true,"showSkybox":true,"showFlares":true,"showImageEffects":true,"showParticleSystems":true},"in2DMode":false,"pivot":{"x":1.4530377388000489,"y":-1.0282039642333985,"z":-0.05736064910888672},"rotation":{"x":-0.10383641719818115,"y":0.89105623960495,"z":-0.3588055968284607,"w":-0.2578670382499695},"size":13.69727611541748,"orthographic":false}